{"cameraMode":{"drawMode":0,"name":"Shaded","section":"Shading Mode"},"sceneLighting":false,"audioPlay":false,"sceneViewState":{"m_AlwaysRefresh":false,"showFog":true,"showSkybox":false,"showFlares":true,"showImageEffects":true,"showParticleSystems":true,"showVisualEffectGraphs":true,"m_FxEnabled":true},"in2DMode":false,"pivot":{"x":0.06430590152740479,"y":1.6766252517700196,"z":-9.074506759643555},"rotation":{"x":0.013386995531618595,"y":0.6047007441520691,"z":-0.010165411978960038,"w":0.7962791323661804},"size":0.6221117377281189,"orthographic":false}