{"cameraMode":{"drawMode":0,"name":"Shaded","section":"Shading Mode"},"sceneLighting":false,"audioPlay":false,"sceneViewState":{"m_AlwaysRefresh":false,"showFog":true,"showSkybox":false,"showFlares":true,"showImageEffects":true,"showParticleSystems":true,"showVisualEffectGraphs":true,"m_FxEnabled":true},"in2DMode":false,"pivot":{"x":-0.22995613515377046,"y":1.574845552444458,"z":-9.695194244384766},"rotation":{"x":0.00014305574586614966,"y":-0.999842643737793,"z":0.015308619476854802,"w":0.009290425106883049},"size":1.0598690509796143,"orthographic":false}