{"cameraMode":{"drawMode":0,"name":"Shaded","section":"Shading Mode"},"sceneLighting":false,"audioPlay":false,"sceneViewState":{"m_AlwaysRefresh":false,"showFog":true,"showSkybox":false,"showFlares":true,"showImageEffects":true,"showParticleSystems":true,"showVisualEffectGraphs":true,"m_FxEnabled":true},"in2DMode":false,"pivot":{"x":2.787123441696167,"y":0.28227341175079348,"z":1.6034810543060303},"rotation":{"x":-0.22749409079551698,"y":0.7648428678512573,"z":-0.3598968982696533,"w":-0.48347002267837527},"size":0.7007431387901306,"orthographic":false}